Service, Alchemism Station, ..., -1417, 46, -4709
Service, Alchemism Station, ..., -483, 50, -4947
Service, Alchemism Station, ..., -756, 85, -656
Service, Alchemism Station, ..., -822, 71, -1587
Service, Armouring Station, ..., -1407, 45, -4715
Service, Armouring Station, ..., -461, 51, -4932
Service, Armouring Station, ..., -732, 92, -632
Service, Armouring Station, ..., -867, 69, -1564
Service, Cooking Station, ..., -1411, 45, -4709
Service, Cooking Station, ..., -454, 50, -4954
Service, Cooking Station, ..., -851, 69, -1561
Service, Housing Balloon, ..., -471, 48, -4971
Service, Housing Balloon, ..., -835, 68, -1541
Service, Housing Balloon, ..., -876, 56, -5948
Service, Jeweling Station, ..., -1405, 45, -4707
Service, Jeweling Station, ..., -437, 49, -4947
Service, Jeweling Station, ..., -818, 69, -1584
